X,mutation_name,guide,TTTTT,transcript_mut,gene.y,in_clinvar,in_synmicdb,mutation_type,simple_name,mean_score,top_score,enrich,median_lfc,min_lfc,max_lfc,mean_ctrl,mean_exp,HCT116_Chronos,HCT116_CERES,HCT116_AAVS1_TPM,HCT116_NT_TPM,HCT116_WT_TPM,HCT116_SC19_TPM,mutated_codon,original_codon,original_codon_freq,mutated_codon_freq,codon_freq_change,original_codon_norm_freq,mutated_codon_norm_freq,codon_freq_norm_change,DS_AG,DS_AL,DS_DG,DS_DL,DP_AG,DP_AL,DP_DG,DP_DL,splicing_score,silva_rank,silva_score,silva_class,silva_X.GERP..,silva_X.RSCU,silva_dRSCU,silva_X.CpG.,silva_CpG_exon,silva_X.SR.,silva_SR.,silva_X.FAS6.,silva_FAS6.,silva_X.MES,silva_dMES,silva_MES.,silva_MES..1,silva_MEC.MC.,silva_MEC.CS.,silva_MES.KM.,silva_X.PESE.,silva_PESE.,silva_PESS.,silva_PESS..1,silva_X.f_premrna,silva_f_mrna,gene_aa_num,position,relativa_position,annovar_ExonicFunc.refGene,annovar_AAChange.refGene,transcript_exon_mut,energy,wildtype_energy,energy_change,energy_change_ratio,energy_change_abs_ratio,AbSplice_DNA_Colon_Sigmoid,AbSplice_DNA_Colon_Transverse,AbSplice_DNA_Cells_EBV_transformed_lymphocytes,AbSplice_DNA_Whole_Blood,AbSplice_DNA_Kidney_Cortex,K562_gene_effect,HCT116_gene_effect,CADD_RawScore,HCT116_dependency,K562_expression,HCT116_expression,wt_neighborhood_seq_1001,mut_neighborhood_seq_1001,original_codon_index3,mutated_codon_index3,cellline,expression,expression_log,gene_effect,dependency,absplice_tissue,predicted_y,predicted_y_score
1,NM_000016.6:3778-3779:29R:CGA>CGC,GCCAACGTGAACCAGGATTAGGATTTAGTTACAATAGT,0,NM_000016:c.A87C,ACADM,True,False,synonymous,ACADM:29R,0.0030255676413286,0.0030255676413286,not enriched,0.222045139588621,-0.614461147109554,1.46865272451692,197.666666666667,230.0,0.0764933365983139,0.0216315409872,36.75,36.0,37.81,12.05,CGC,CGA,6.17,10.42,4.25,0.11,0.19,0.08,0,0,0,0.13,31,-24,-5,31,0.13,23708.5,0.056,likely benign,0.324,1.1005,0.4444,0,0.7937,0.0625,0.0625,0,0.0,0.0,0.0,0.0,0,0,0,0,0.0909,0.0,0,0.0,0.1043,0.2019,422,29,0.0687203791469194,synonymous SNV,ACADM:NM_000016:exon2:c.A87C:p.R29R|ACADM:NM_001127328:exon2:c.A99C:p.R33R|ACADM:NM_001286043:exon2:c.A87C:p.R29R,NM_000016:exon2:c.A87C:,-559.4,-556.7,-2.69999999999993,0.0048500089814979,0.0048500089814979,0.0045,0.0045,0.0039,0.0045,0.0039,0.155255821191264,0.0764933365983139,0.0069954772755235,0.0120752785087129,6.6101389837055,5.65992455840238,CATGGGAGGCTCACAGTGACAGGGTATCAAAGTTGATGGACTAGGCAACTCTTGAACACAGTATGTTCACTTCCAGCCTATCGTTCTCCCCACCCCAACTCTCCAACCATTAATGTCCTAGGAGCTTGTAAGATACCCAGAATAGTGGTCCTACATCTACTACTACCCTTGACTGTTGTTTGTCCTAAACCCTCCACTTCAGTAGTATAAATACCACTGACTTTATTTTCATTACTTTTTAAAAACATCTCCTCTGTAATAGGAATTTATATAACTGATAATTGGCTTATTTAAATTATGATTGAAGGCATTTAAATAGTGATGACTTTAAAAACTATGAGTATGGTCAAACCAGTTGCTGTACTCACTTATGATTATCAGTAGTCTCTTATCTGATTAATGTTTAACTTATCAAATTTATTTTAATAAAAGTGTTCTTTACAGGTCCTGAGAAGTATTTCTCGTTTTCATTGGAGATCACAGCATACAAAAGCCAATCGACAACGTGAACCAGGATTAGGATTTAGTTTTGGTATATGTTCGGTTCTATCTTTTGACTTTAAACTTATACATATGAAGCTTTATATGTTTTGTTTGGAATATGTTTGTAAATAAACTTAATAATGTCTTTCAATGAGTAGAACCAGTCCACTGTCCACAGATAATTTACAATAACTCACACTCCATTCTTCCTGATCTCATTTTCTTCCTCAGTATACTACACTGTACATTAGATCTGTTTTAGCAGCATACATACACTTAAATTCCTTCCTTTTTTTCTGAGTGTTTAGCCCAAAATAAATGAGATTTACTGATATATATGAATAGTCTTCAACTTACATATCTGAATGCCACAAATACATTTTAAAAACACTTGTTAGATTACAATTCTAGGTGCCTGGTAATAAGCTAAAGCTTGTTTTTGCTATAATATATCCAAATTGCAATTTTGGTACTATTAGATGAAGTTCTCACTCCTGGGACCAGGGAGCCATGATTTT,CATGGGAGGCTCACAGTGACAGGGTATCAAAGTTGATGGACTAGGCAACTCTTGAACACAGTATGTTCACTTCCAGCCTATCGTTCTCCCCACCCCAACTCTCCAACCATTAATGTCCTAGGAGCTTGTAAGATACCCAGAATAGTGGTCCTACATCTACTACTACCCTTGACTGTTGTTTGTCCTAAACCCTCCACTTCAGTAGTATAAATACCACTGACTTTATTTTCATTACTTTTTAAAAACATCTCCTCTGTAATAGGAATTTATATAACTGATAATTGGCTTATTTAAATTATGATTGAAGGCATTTAAATAGTGATGACTTTAAAAACTATGAGTATGGTCAAACCAGTTGCTGTACTCACTTATGATTATCAGTAGTCTCTTATCTGATTAATGTTTAACTTATCAAATTTATTTTAATAAAAGTGTTCTTTACAGGTCCTGAGAAGTATTTCTCGTTTTCATTGGAGATCACAGCATACAAAAGCCAATCGCACAACGTGAACCAGGATTAGGATTTAGTTTTGGTATATGTTCGGTTCTATCTTTTGACTTTAAACTTATACATATGAAGCTTTATATGTTTTGTTTGGAATATGTTTGTAAATAAACTTAATAATGTCTTTCAATGAGTAGAACCAGTCCACTGTCCACAGATAATTTACAATAACTCACACTCCATTCTTCCTGATCTCATTTTCTTCCTCAGTATACTACACTGTACATTAGATCTGTTTTAGCAGCATACATACACTTAAATTCCTTCCTTTTTTTCTGAGTGTTTAGCCCAAAATAAATGAGATTTACTGATATATATGAATAGTCTTCAACTTACATATCTGAATGCCACAAATACATTTTAAAAACACTTGTTAGATTACAATTCTAGGTGCCTGGTAATAAGCTAAAGCTTGTTTTTGCTATAATATATCCAAATTGCAATTTTGGTACTATTAGATGAAGTTCTCACTCCTGGGACCAGGGAGCCATGATTTT,A,C,HEK293T,37.81,5.27835652801072,0.0764933365983139,0.0120752785087129,0.0039,0,0.07148313045993161
2,NM_000016.6:3778-3779:29R:CGA>CGG,GGCAACGTGAACCAGGATTAGGATTTAGTTAAAGTATC,0,NM_000016:c.A87G,ACADM,True,False,synonymous,ACADM:29R,0.150528811687197,0.150528811687197,not enriched,0.725805789718222,-0.895371810078325,0.955315096858788,215.666666666667,290.333333333333,0.0764933365983139,0.0216315409872,36.75,36.0,37.81,12.05,CGG,CGA,6.17,11.42,5.25,0.11,0.21,0.1,0,0,0,0.11,31,-24,-1,31,0.11,29518.5,0.04,likely benign,0.324,1.2063,0.5503,0,0.7937,0.0625,0.0,0,0.0,0.0,0.0,0.0,0,0,0,0,0.0909,0.0,0,0.0,0.1043,0.2019,422,29,0.0687203791469194,synonymous SNV,ACADM:NM_000016:exon2:c.A87G:p.R29R|ACADM:NM_001127328:exon2:c.A99G:p.R33R|ACADM:NM_001286043:exon2:c.A87G:p.R29R,NM_000016:exon2:c.A87G:,-561.1,-556.7,-4.39999999999998,0.0079037183402191,0.0079037183402191,0.003,0.003,0.003,0.003,0.003,0.155255821191264,0.0764933365983139,0.0069954772755235,0.0120752785087129,6.6101389837055,5.65992455840238,CATGGGAGGCTCACAGTGACAGGGTATCAAAGTTGATGGACTAGGCAACTCTTGAACACAGTATGTTCACTTCCAGCCTATCGTTCTCCCCACCCCAACTCTCCAACCATTAATGTCCTAGGAGCTTGTAAGATACCCAGAATAGTGGTCCTACATCTACTACTACCCTTGACTGTTGTTTGTCCTAAACCCTCCACTTCAGTAGTATAAATACCACTGACTTTATTTTCATTACTTTTTAAAAACATCTCCTCTGTAATAGGAATTTATATAACTGATAATTGGCTTATTTAAATTATGATTGAAGGCATTTAAATAGTGATGACTTTAAAAACTATGAGTATGGTCAAACCAGTTGCTGTACTCACTTATGATTATCAGTAGTCTCTTATCTGATTAATGTTTAACTTATCAAATTTATTTTAATAAAAGTGTTCTTTACAGGTCCTGAGAAGTATTTCTCGTTTTCATTGGAGATCACAGCATACAAAAGCCAATCGACAACGTGAACCAGGATTAGGATTTAGTTTTGGTATATGTTCGGTTCTATCTTTTGACTTTAAACTTATACATATGAAGCTTTATATGTTTTGTTTGGAATATGTTTGTAAATAAACTTAATAATGTCTTTCAATGAGTAGAACCAGTCCACTGTCCACAGATAATTTACAATAACTCACACTCCATTCTTCCTGATCTCATTTTCTTCCTCAGTATACTACACTGTACATTAGATCTGTTTTAGCAGCATACATACACTTAAATTCCTTCCTTTTTTTCTGAGTGTTTAGCCCAAAATAAATGAGATTTACTGATATATATGAATAGTCTTCAACTTACATATCTGAATGCCACAAATACATTTTAAAAACACTTGTTAGATTACAATTCTAGGTGCCTGGTAATAAGCTAAAGCTTGTTTTTGCTATAATATATCCAAATTGCAATTTTGGTACTATTAGATGAAGTTCTCACTCCTGGGACCAGGGAGCCATGATTTT,CATGGGAGGCTCACAGTGACAGGGTATCAAAGTTGATGGACTAGGCAACTCTTGAACACAGTATGTTCACTTCCAGCCTATCGTTCTCCCCACCCCAACTCTCCAACCATTAATGTCCTAGGAGCTTGTAAGATACCCAGAATAGTGGTCCTACATCTACTACTACCCTTGACTGTTGTTTGTCCTAAACCCTCCACTTCAGTAGTATAAATACCACTGACTTTATTTTCATTACTTTTTAAAAACATCTCCTCTGTAATAGGAATTTATATAACTGATAATTGGCTTATTTAAATTATGATTGAAGGCATTTAAATAGTGATGACTTTAAAAACTATGAGTATGGTCAAACCAGTTGCTGTACTCACTTATGATTATCAGTAGTCTCTTATCTGATTAATGTTTAACTTATCAAATTTATTTTAATAAAAGTGTTCTTTACAGGTCCTGAGAAGTATTTCTCGTTTTCATTGGAGATCACAGCATACAAAAGCCAATCGGACAACGTGAACCAGGATTAGGATTTAGTTTTGGTATATGTTCGGTTCTATCTTTTGACTTTAAACTTATACATATGAAGCTTTATATGTTTTGTTTGGAATATGTTTGTAAATAAACTTAATAATGTCTTTCAATGAGTAGAACCAGTCCACTGTCCACAGATAATTTACAATAACTCACACTCCATTCTTCCTGATCTCATTTTCTTCCTCAGTATACTACACTGTACATTAGATCTGTTTTAGCAGCATACATACACTTAAATTCCTTCCTTTTTTTCTGAGTGTTTAGCCCAAAATAAATGAGATTTACTGATATATATGAATAGTCTTCAACTTACATATCTGAATGCCACAAATACATTTTAAAAACACTTGTTAGATTACAATTCTAGGTGCCTGGTAATAAGCTAAAGCTTGTTTTTGCTATAATATATCCAAATTGCAATTTTGGTACTATTAGATGAAGTTCTCACTCCTGGGACCAGGGAGCCATGATTTT,A,G,HEK293T,37.81,5.27835652801072,0.0764933365983139,0.0120752785087129,0.003,0,0.05921072092743078
3,NM_000016.6:3778-3779:29R:CGA>CGT,GTCAACGTGAACCAGGATTAGGATTTAGTTACCCACCC,0,NM_000016:c.A87T,ACADM,True,False,synonymous,ACADM:29R,0.0556794518219188,0.0556794518219188,not enriched,0.0607094204974239,-0.513274993751702,1.22847679943538,390.333333333333,560.333333333333,0.0764933365983139,0.0216315409872,36.75,36.0,37.81,12.05,CGT,CGA,6.17,4.54,-1.63,0.11,0.0,0.0,0,0,0,0.05,5,-24,-2,31,0.05,39223.0,0.024,likely benign,0.324,0.4762,0.1799,0,0.7937,0.0,0.0,0,0.0,0.0,0.0,0.0,0,0,0,0,0.0909,0.0,0,0.0,0.1043,0.2019,422,29,0.0687203791469194,synonymous SNV,ACADM:NM_000016:exon2:c.A87T:p.R29R|ACADM:NM_001127328:exon2:c.A99T:p.R33R|ACADM:NM_001286043:exon2:c.A87T:p.R29R,NM_000016:exon2:c.A87T:,-557.5,-556.7,-0.799999999999955,0.0014370396982215,0.0014370396982215,0.0029,0.0029,0.0029,0.0029,0.0029,0.155255821191264,0.0764933365983139,0.0069954772755235,0.0120752785087129,6.6101389837055,5.65992455840238,CATGGGAGGCTCACAGTGACAGGGTATCAAAGTTGATGGACTAGGCAACTCTTGAACACAGTATGTTCACTTCCAGCCTATCGTTCTCCCCACCCCAACTCTCCAACCATTAATGTCCTAGGAGCTTGTAAGATACCCAGAATAGTGGTCCTACATCTACTACTACCCTTGACTGTTGTTTGTCCTAAACCCTCCACTTCAGTAGTATAAATACCACTGACTTTATTTTCATTACTTTTTAAAAACATCTCCTCTGTAATAGGAATTTATATAACTGATAATTGGCTTATTTAAATTATGATTGAAGGCATTTAAATAGTGATGACTTTAAAAACTATGAGTATGGTCAAACCAGTTGCTGTACTCACTTATGATTATCAGTAGTCTCTTATCTGATTAATGTTTAACTTATCAAATTTATTTTAATAAAAGTGTTCTTTACAGGTCCTGAGAAGTATTTCTCGTTTTCATTGGAGATCACAGCATACAAAAGCCAATCGACAACGTGAACCAGGATTAGGATTTAGTTTTGGTATATGTTCGGTTCTATCTTTTGACTTTAAACTTATACATATGAAGCTTTATATGTTTTGTTTGGAATATGTTTGTAAATAAACTTAATAATGTCTTTCAATGAGTAGAACCAGTCCACTGTCCACAGATAATTTACAATAACTCACACTCCATTCTTCCTGATCTCATTTTCTTCCTCAGTATACTACACTGTACATTAGATCTGTTTTAGCAGCATACATACACTTAAATTCCTTCCTTTTTTTCTGAGTGTTTAGCCCAAAATAAATGAGATTTACTGATATATATGAATAGTCTTCAACTTACATATCTGAATGCCACAAATACATTTTAAAAACACTTGTTAGATTACAATTCTAGGTGCCTGGTAATAAGCTAAAGCTTGTTTTTGCTATAATATATCCAAATTGCAATTTTGGTACTATTAGATGAAGTTCTCACTCCTGGGACCAGGGAGCCATGATTTT,CATGGGAGGCTCACAGTGACAGGGTATCAAAGTTGATGGACTAGGCAACTCTTGAACACAGTATGTTCACTTCCAGCCTATCGTTCTCCCCACCCCAACTCTCCAACCATTAATGTCCTAGGAGCTTGTAAGATACCCAGAATAGTGGTCCTACATCTACTACTACCCTTGACTGTTGTTTGTCCTAAACCCTCCACTTCAGTAGTATAAATACCACTGACTTTATTTTCATTACTTTTTAAAAACATCTCCTCTGTAATAGGAATTTATATAACTGATAATTGGCTTATTTAAATTATGATTGAAGGCATTTAAATAGTGATGACTTTAAAAACTATGAGTATGGTCAAACCAGTTGCTGTACTCACTTATGATTATCAGTAGTCTCTTATCTGATTAATGTTTAACTTATCAAATTTATTTTAATAAAAGTGTTCTTTACAGGTCCTGAGAAGTATTTCTCGTTTTCATTGGAGATCACAGCATACAAAAGCCAATCGTACAACGTGAACCAGGATTAGGATTTAGTTTTGGTATATGTTCGGTTCTATCTTTTGACTTTAAACTTATACATATGAAGCTTTATATGTTTTGTTTGGAATATGTTTGTAAATAAACTTAATAATGTCTTTCAATGAGTAGAACCAGTCCACTGTCCACAGATAATTTACAATAACTCACACTCCATTCTTCCTGATCTCATTTTCTTCCTCAGTATACTACACTGTACATTAGATCTGTTTTAGCAGCATACATACACTTAAATTCCTTCCTTTTTTTCTGAGTGTTTAGCCCAAAATAAATGAGATTTACTGATATATATGAATAGTCTTCAACTTACATATCTGAATGCCACAAATACATTTTAAAAACACTTGTTAGATTACAATTCTAGGTGCCTGGTAATAAGCTAAAGCTTGTTTTTGCTATAATATATCCAAATTGCAATTTTGGTACTATTAGATGAAGTTCTCACTCCTGGGACCAGGGAGCCATGATTTT,A,T,HEK293T,37.81,5.27835652801072,0.0764933365983139,0.0120752785087129,0.0029,0,0.037619298089981996
4,NM_000017.4:11204-11205:75G:GGC>GGA,AAGCCCTCCCATCTTCTTCACCTGGGCTGTAATCA,0,NM_000017:c.C225A,ACADS,True,False,synonymous,ACADS:75G,-0.47060766148838,-1.69795619395779,not enriched,-2.01168655451742,-2.8727341941017,1.73459991491417,559.333333333333,255.333333333333,-0.120900245806317,-0.01273421082,13.37,13.81,16.65,11.19,GGA,GGC,22.22,16.47,-5.75,0.34,0.25,-0.09,0,0,0,0.0,-5,-14,-15,43,0.0,30444.0,0.037,likely benign,-9.42,1.0,0.3455,1,0.6868,0.0,0.0,0,0.5,0.0,0.0,0.0,0,0,0,0,0.0,0.0,0,0.5,0.2119,0.1784,413,75,0.181598062953995,synonymous SNV,ACADS:NM_000017:exon3:c.C225A:p.G75G|ACADS:NM_001302554:exon3:c.C225A:p.G75G,NM_000017:exon3:c.C225A:,-863.2,-862.7,-0.5,0.0005795757505505,0.0005795757505505,0.0029,0.0029,0.0029,0.0029,0.0029,-0.188875412710415,-0.120900245806317,0.154771255305178,0.114689739211873,4.54411440220947,3.35755200461808,GAGGCTGGGGATGGCAGCCCAAAGCAGCGAGGCCTGAGCTGCGATCAGAAGGAGAGGAGGGGCAATAACCAGCTGAGGGATAGGAGGTGGCATGTGCAGAGGCCCTGTGGTGGGGAGGGTGCGTGTGTGTGGATGTGCAGAGGGGGCTGGACGAAGGTCAGTGTGGCTCACGCTGTCCTGCTCCTTACCTCTGAGTTCCCTGAAAGCATCCTGTGCCTTCTGCTTGCTCGCTGCCGTGGCTGTGGACGGAGCGGGGAGCAGGCGTGGAGGCGGGGGCAGGACAGCTTGAATGAGAAGTGCCATCATATAGACCTCAGTGGGACTGGGTCTTCAGCTTCTGGACTTGGGGATCCCTTGTGCGTGGCTGGGGTCACATGGCCTGAGTTTCTGCAGGGCACTGCCTCGGGGGCAGGAGGGTTTGGGCTTGGGGAGGGTGGGCTCGCCCCCGGCAGCTGCCCATGGCGTGCCGTCCTTCCCTGTGCCCAGGTGAAGAAGATGGGCGGGCTTGGGCTTCTGGCCATGGACGTGCCCGAGGAGCTTGGCGGTGCTGGCCTCGATTACCTGGCCTACGCCATCGCCATGGAGGAGATCAGCCGTGGCTGCGCCTCCACCGGAGTCATCATGAGTGTCAACAACGTGAGCCCCCTCCCAGGCCCCTGGGACACACGGGTGGAGGGAGGCTCCCGTGAGCGGGCAGGCTCTGGCCTCGGCTCCCAGCCCTGATCTCTCTGGAGACGTCACAGGCCTTGGTCCTACTGGGTAGGCCCTGGACAGAACAGGCCCTGAGGTGCAGCCCGCAGGTGGGCAGGATGCGCCTGGGCCTGGGGCCTCCGACCGCTCCCCGCTGTCCTCCTAGTCTCTCTACCTGGGGCCCATCTTGAAGTTTGGCTCCAAGGAGCAGAAGCAGGCGTGGGTCACGCCTTTCACCAGTGGTGACAAAATTGGCTGCTTTGCCCTCAGCGAACCAGGTACCTGCCCTGTCCCCTCACCTGTCCTTAGGG,GAGGCTGGGGATGGCAGCCCAAAGCAGCGAGGCCTGAGCTGCGATCAGAAGGAGAGGAGGGGCAATAACCAGCTGAGGGATAGGAGGTGGCATGTGCAGAGGCCCTGTGGTGGGGAGGGTGCGTGTGTGTGGATGTGCAGAGGGGGCTGGACGAAGGTCAGTGTGGCTCACGCTGTCCTGCTCCTTACCTCTGAGTTCCCTGAAAGCATCCTGTGCCTTCTGCTTGCTCGCTGCCGTGGCTGTGGACGGAGCGGGGAGCAGGCGTGGAGGCGGGGGCAGGACAGCTTGAATGAGAAGTGCCATCATATAGACCTCAGTGGGACTGGGTCTTCAGCTTCTGGACTTGGGGATCCCTTGTGCGTGGCTGGGGTCACATGGCCTGAGTTTCTGCAGGGCACTGCCTCGGGGGCAGGAGGGTTTGGGCTTGGGGAGGGTGGGCTCGCCCCCGGCAGCTGCCCATGGCGTGCCGTCCTTCCCTGTGCCCAGGTGAAGAAGATGGGACGGGCTTGGGCTTCTGGCCATGGACGTGCCCGAGGAGCTTGGCGGTGCTGGCCTCGATTACCTGGCCTACGCCATCGCCATGGAGGAGATCAGCCGTGGCTGCGCCTCCACCGGAGTCATCATGAGTGTCAACAACGTGAGCCCCCTCCCAGGCCCCTGGGACACACGGGTGGAGGGAGGCTCCCGTGAGCGGGCAGGCTCTGGCCTCGGCTCCCAGCCCTGATCTCTCTGGAGACGTCACAGGCCTTGGTCCTACTGGGTAGGCCCTGGACAGAACAGGCCCTGAGGTGCAGCCCGCAGGTGGGCAGGATGCGCCTGGGCCTGGGGCCTCCGACCGCTCCCCGCTGTCCTCCTAGTCTCTCTACCTGGGGCCCATCTTGAAGTTTGGCTCCAAGGAGCAGAAGCAGGCGTGGGTCACGCCTTTCACCAGTGGTGACAAAATTGGCTGCTTTGCCCTCAGCGAACCAGGTACCTGCCCTGTCCCCTCACCTGTCCTTAGGG,C,A,HEK293T,16.65,4.14159627838382,-0.120900245806317,0.114689739211873,0.0029,0,0.12929026678532968
5,NM_000017.4:11204-11205:75G:GGC>GGG,GCCCAAGCCCCCCCATCTTCTTCACCTGGGAAAGTAGC,0,NM_000017:c.C225G,ACADS,True,False,synonymous,ACADS:75G,-0.0924177362115166,-1.16823292826559,not enriched,-1.19572123632979,-1.64197175784325,-0.889249948463602,522.666666666667,221.0,-0.120900245806317,-0.01273421082,13.37,13.81,16.65,11.19,GGG,GGC,22.22,16.47,-5.75,0.34,0.25,-0.09,0,0,0,0.0,-5,-14,-15,-2,0.0,8432.5,0.166,likely benign,-9.42,1.0,0.3455,1,0.6868,0.0455,0.0,0,0.8,0.0,0.0,0.0,0,0,0,0,0.0,0.0,0,0.5,0.2119,0.1784,413,75,0.181598062953995,synonymous SNV,ACADS:NM_000017:exon3:c.C225G:p.G75G|ACADS:NM_001302554:exon3:c.C225G:p.G75G,NM_000017:exon3:c.C225G:,-862.6,-862.7,0.100000000000023,-0.0001159151501101,0.0001159151501101,0.0041,0.0041,0.0041,0.0041,0.0041,-0.188875412710415,-0.120900245806317,0.154771255305178,0.114689739211873,4.54411440220947,3.35755200461808,GAGGCTGGGGATGGCAGCCCAAAGCAGCGAGGCCTGAGCTGCGATCAGAAGGAGAGGAGGGGCAATAACCAGCTGAGGGATAGGAGGTGGCATGTGCAGAGGCCCTGTGGTGGGGAGGGTGCGTGTGTGTGGATGTGCAGAGGGGGCTGGACGAAGGTCAGTGTGGCTCACGCTGTCCTGCTCCTTACCTCTGAGTTCCCTGAAAGCATCCTGTGCCTTCTGCTTGCTCGCTGCCGTGGCTGTGGACGGAGCGGGGAGCAGGCGTGGAGGCGGGGGCAGGACAGCTTGAATGAGAAGTGCCATCATATAGACCTCAGTGGGACTGGGTCTTCAGCTTCTGGACTTGGGGATCCCTTGTGCGTGGCTGGGGTCACATGGCCTGAGTTTCTGCAGGGCACTGCCTCGGGGGCAGGAGGGTTTGGGCTTGGGGAGGGTGGGCTCGCCCCCGGCAGCTGCCCATGGCGTGCCGTCCTTCCCTGTGCCCAGGTGAAGAAGATGGGCGGGCTTGGGCTTCTGGCCATGGACGTGCCCGAGGAGCTTGGCGGTGCTGGCCTCGATTACCTGGCCTACGCCATCGCCATGGAGGAGATCAGCCGTGGCTGCGCCTCCACCGGAGTCATCATGAGTGTCAACAACGTGAGCCCCCTCCCAGGCCCCTGGGACACACGGGTGGAGGGAGGCTCCCGTGAGCGGGCAGGCTCTGGCCTCGGCTCCCAGCCCTGATCTCTCTGGAGACGTCACAGGCCTTGGTCCTACTGGGTAGGCCCTGGACAGAACAGGCCCTGAGGTGCAGCCCGCAGGTGGGCAGGATGCGCCTGGGCCTGGGGCCTCCGACCGCTCCCCGCTGTCCTCCTAGTCTCTCTACCTGGGGCCCATCTTGAAGTTTGGCTCCAAGGAGCAGAAGCAGGCGTGGGTCACGCCTTTCACCAGTGGTGACAAAATTGGCTGCTTTGCCCTCAGCGAACCAGGTACCTGCCCTGTCCCCTCACCTGTCCTTAGGG,GAGGCTGGGGATGGCAGCCCAAAGCAGCGAGGCCTGAGCTGCGATCAGAAGGAGAGGAGGGGCAATAACCAGCTGAGGGATAGGAGGTGGCATGTGCAGAGGCCCTGTGGTGGGGAGGGTGCGTGTGTGTGGATGTGCAGAGGGGGCTGGACGAAGGTCAGTGTGGCTCACGCTGTCCTGCTCCTTACCTCTGAGTTCCCTGAAAGCATCCTGTGCCTTCTGCTTGCTCGCTGCCGTGGCTGTGGACGGAGCGGGGAGCAGGCGTGGAGGCGGGGGCAGGACAGCTTGAATGAGAAGTGCCATCATATAGACCTCAGTGGGACTGGGTCTTCAGCTTCTGGACTTGGGGATCCCTTGTGCGTGGCTGGGGTCACATGGCCTGAGTTTCTGCAGGGCACTGCCTCGGGGGCAGGAGGGTTTGGGCTTGGGGAGGGTGGGCTCGCCCCCGGCAGCTGCCCATGGCGTGCCGTCCTTCCCTGTGCCCAGGTGAAGAAGATGGGGCGGGCTTGGGCTTCTGGCCATGGACGTGCCCGAGGAGCTTGGCGGTGCTGGCCTCGATTACCTGGCCTACGCCATCGCCATGGAGGAGATCAGCCGTGGCTGCGCCTCCACCGGAGTCATCATGAGTGTCAACAACGTGAGCCCCCTCCCAGGCCCCTGGGACACACGGGTGGAGGGAGGCTCCCGTGAGCGGGCAGGCTCTGGCCTCGGCTCCCAGCCCTGATCTCTCTGGAGACGTCACAGGCCTTGGTCCTACTGGGTAGGCCCTGGACAGAACAGGCCCTGAGGTGCAGCCCGCAGGTGGGCAGGATGCGCCTGGGCCTGGGGCCTCCGACCGCTCCCCGCTGTCCTCCTAGTCTCTCTACCTGGGGCCCATCTTGAAGTTTGGCTCCAAGGAGCAGAAGCAGGCGTGGGTCACGCCTTTCACCAGTGGTGACAAAATTGGCTGCTTTGCCCTCAGCGAACCAGGTACCTGCCCTGTCCCCTCACCTGTCCTTAGGG,C,G,HEK293T,16.65,4.14159627838382,-0.120900245806317,0.114689739211873,0.0041,0,0.1425338244895444
6,NM_000017.4:11204-11205:75G:GGC>GGT,GCCCAAGCCCACCCATCTTCTTCACCTGGGAAAGTTCC,0,NM_000017:c.C225T,ACADS,True,False,synonymous,ACADS:75G,0.0123172161500745,0.857158987944272,not enriched,0.710761690889905,0.673711095598697,2.60954696693171,63.3333333333333,175.333333333333,-0.120900245806317,-0.01273421082,13.37,13.81,16.65,11.19,GGT,GGC,22.22,10.75,-11.47,0.34,0.0,0.0,0,0,0,0.0,-8,-14,-15,43,0.0,7497.5,0.182,likely benign,-9.42,0.6545,0.6909,1,0.6868,0.0455,0.0,0,0.75,2.89,7.75,7.75,0,0,1,0,0.0,0.0,0,0.0,0.2119,0.1784,413,75,0.181598062953995,synonymous SNV,ACADS:NM_000017:exon3:c.C225T:p.G75G|ACADS:NM_001302554:exon3:c.C225T:p.G75G,NM_000017:exon3:c.C225T:,-864.6,-862.7,-1.89999999999998,0.0022023878520922,0.0022023878520922,0.0029,0.0029,0.0029,0.0029,0.0029,-0.188875412710415,-0.120900245806317,0.154771255305178,0.114689739211873,4.54411440220947,3.35755200461808,GAGGCTGGGGATGGCAGCCCAAAGCAGCGAGGCCTGAGCTGCGATCAGAAGGAGAGGAGGGGCAATAACCAGCTGAGGGATAGGAGGTGGCATGTGCAGAGGCCCTGTGGTGGGGAGGGTGCGTGTGTGTGGATGTGCAGAGGGGGCTGGACGAAGGTCAGTGTGGCTCACGCTGTCCTGCTCCTTACCTCTGAGTTCCCTGAAAGCATCCTGTGCCTTCTGCTTGCTCGCTGCCGTGGCTGTGGACGGAGCGGGGAGCAGGCGTGGAGGCGGGGGCAGGACAGCTTGAATGAGAAGTGCCATCATATAGACCTCAGTGGGACTGGGTCTTCAGCTTCTGGACTTGGGGATCCCTTGTGCGTGGCTGGGGTCACATGGCCTGAGTTTCTGCAGGGCACTGCCTCGGGGGCAGGAGGGTTTGGGCTTGGGGAGGGTGGGCTCGCCCCCGGCAGCTGCCCATGGCGTGCCGTCCTTCCCTGTGCCCAGGTGAAGAAGATGGGCGGGCTTGGGCTTCTGGCCATGGACGTGCCCGAGGAGCTTGGCGGTGCTGGCCTCGATTACCTGGCCTACGCCATCGCCATGGAGGAGATCAGCCGTGGCTGCGCCTCCACCGGAGTCATCATGAGTGTCAACAACGTGAGCCCCCTCCCAGGCCCCTGGGACACACGGGTGGAGGGAGGCTCCCGTGAGCGGGCAGGCTCTGGCCTCGGCTCCCAGCCCTGATCTCTCTGGAGACGTCACAGGCCTTGGTCCTACTGGGTAGGCCCTGGACAGAACAGGCCCTGAGGTGCAGCCCGCAGGTGGGCAGGATGCGCCTGGGCCTGGGGCCTCCGACCGCTCCCCGCTGTCCTCCTAGTCTCTCTACCTGGGGCCCATCTTGAAGTTTGGCTCCAAGGAGCAGAAGCAGGCGTGGGTCACGCCTTTCACCAGTGGTGACAAAATTGGCTGCTTTGCCCTCAGCGAACCAGGTACCTGCCCTGTCCCCTCACCTGTCCTTAGGG,GAGGCTGGGGATGGCAGCCCAAAGCAGCGAGGCCTGAGCTGCGATCAGAAGGAGAGGAGGGGCAATAACCAGCTGAGGGATAGGAGGTGGCATGTGCAGAGGCCCTGTGGTGGGGAGGGTGCGTGTGTGTGGATGTGCAGAGGGGGCTGGACGAAGGTCAGTGTGGCTCACGCTGTCCTGCTCCTTACCTCTGAGTTCCCTGAAAGCATCCTGTGCCTTCTGCTTGCTCGCTGCCGTGGCTGTGGACGGAGCGGGGAGCAGGCGTGGAGGCGGGGGCAGGACAGCTTGAATGAGAAGTGCCATCATATAGACCTCAGTGGGACTGGGTCTTCAGCTTCTGGACTTGGGGATCCCTTGTGCGTGGCTGGGGTCACATGGCCTGAGTTTCTGCAGGGCACTGCCTCGGGGGCAGGAGGGTTTGGGCTTGGGGAGGGTGGGCTCGCCCCCGGCAGCTGCCCATGGCGTGCCGTCCTTCCCTGTGCCCAGGTGAAGAAGATGGGTCGGGCTTGGGCTTCTGGCCATGGACGTGCCCGAGGAGCTTGGCGGTGCTGGCCTCGATTACCTGGCCTACGCCATCGCCATGGAGGAGATCAGCCGTGGCTGCGCCTCCACCGGAGTCATCATGAGTGTCAACAACGTGAGCCCCCTCCCAGGCCCCTGGGACACACGGGTGGAGGGAGGCTCCCGTGAGCGGGCAGGCTCTGGCCTCGGCTCCCAGCCCTGATCTCTCTGGAGACGTCACAGGCCTTGGTCCTACTGGGTAGGCCCTGGACAGAACAGGCCCTGAGGTGCAGCCCGCAGGTGGGCAGGATGCGCCTGGGCCTGGGGCCTCCGACCGCTCCCCGCTGTCCTCCTAGTCTCTCTACCTGGGGCCCATCTTGAAGTTTGGCTCCAAGGAGCAGAAGCAGGCGTGGGTCACGCCTTTCACCAGTGGTGACAAAATTGGCTGCTTTGCCCTCAGCGAACCAGGTACCTGCCCTGTCCCCTCACCTGTCCTTAGGG,C,T,HEK293T,16.65,4.14159627838382,-0.120900245806317,0.114689739211873,0.0029,0,0.08456320041245656
7,NM_000017.4:11315-11316:112T:ACC>ACA,TCATGATGACTCCTGTGGAGGCGCAGCCACTAAACCCA,0,NM_000017:c.C336A,ACADS,True,False,synonymous,ACADS:112T,-0.72802148363858,-2.10166987897616,not enriched,-1.89452325589744,-1.99457647129042,-1.36303035440943,269.666666666667,80.6666666666667,-0.120900245806317,-0.01273421082,13.37,13.81,16.65,11.19,ACA,ACC,18.89,15.11,-3.78,0.36,0.28,-0.08,0,0,0,0.0,2,-26,21,24,0.0,29299.5,0.04,likely benign,-9.71,1.1353,0.2857,1,0.6868,0.0455,0.0,0,0.0,7.53,8.04,8.04,0,0,1,0,0.0,0.0625,0,0.0,0.2042,0.2363,413,112,0.271186440677966,synonymous SNV,ACADS:NM_000017:exon3:c.C336A:p.T112T|ACADS:NM_001302554:exon3:c.C336A:p.T112T,NM_000017:exon3:c.C336A:,-861.9,-862.7,0.800000000000068,-0.000927321200881,0.000927321200881,0.0029,0.0029,0.0029,0.0029,0.0029,-0.188875412710415,-0.120900245806317,0.154771255305178,0.114689739211873,4.54411440220947,3.35755200461808,GGGGAGGGTGCGTGTGTGTGGATGTGCAGAGGGGGCTGGACGAAGGTCAGTGTGGCTCACGCTGTCCTGCTCCTTACCTCTGAGTTCCCTGAAAGCATCCTGTGCCTTCTGCTTGCTCGCTGCCGTGGCTGTGGACGGAGCGGGGAGCAGGCGTGGAGGCGGGGGCAGGACAGCTTGAATGAGAAGTGCCATCATATAGACCTCAGTGGGACTGGGTCTTCAGCTTCTGGACTTGGGGATCCCTTGTGCGTGGCTGGGGTCACATGGCCTGAGTTTCTGCAGGGCACTGCCTCGGGGGCAGGAGGGTTTGGGCTTGGGGAGGGTGGGCTCGCCCCCGGCAGCTGCCCATGGCGTGCCGTCCTTCCCTGTGCCCAGGTGAAGAAGATGGGCGGGCTTGGGCTTCTGGCCATGGACGTGCCCGAGGAGCTTGGCGGTGCTGGCCTCGATTACCTGGCCTACGCCATCGCCATGGAGGAGATCAGCCGTGGCTGCGCCTCCACCGGAGTCATCATGAGTGTCAACAACGTGAGCCCCCTCCCAGGCCCCTGGGACACACGGGTGGAGGGAGGCTCCCGTGAGCGGGCAGGCTCTGGCCTCGGCTCCCAGCCCTGATCTCTCTGGAGACGTCACAGGCCTTGGTCCTACTGGGTAGGCCCTGGACAGAACAGGCCCTGAGGTGCAGCCCGCAGGTGGGCAGGATGCGCCTGGGCCTGGGGCCTCCGACCGCTCCCCGCTGTCCTCCTAGTCTCTCTACCTGGGGCCCATCTTGAAGTTTGGCTCCAAGGAGCAGAAGCAGGCGTGGGTCACGCCTTTCACCAGTGGTGACAAAATTGGCTGCTTTGCCCTCAGCGAACCAGGTACCTGCCCTGTCCCCTCACCTGTCCTTAGGGTGACAGGCCCAGAGGGGAGGAGAGGAAGGTGCTAGGCCAACTGCCCACTGCTTCGGAGGCCAGAGGGGAGGCTCCCCGTGTGGTTGGTAGGGTGAGCGCTCTTGCCACCGC,GGGGAGGGTGCGTGTGTGTGGATGTGCAGAGGGGGCTGGACGAAGGTCAGTGTGGCTCACGCTGTCCTGCTCCTTACCTCTGAGTTCCCTGAAAGCATCCTGTGCCTTCTGCTTGCTCGCTGCCGTGGCTGTGGACGGAGCGGGGAGCAGGCGTGGAGGCGGGGGCAGGACAGCTTGAATGAGAAGTGCCATCATATAGACCTCAGTGGGACTGGGTCTTCAGCTTCTGGACTTGGGGATCCCTTGTGCGTGGCTGGGGTCACATGGCCTGAGTTTCTGCAGGGCACTGCCTCGGGGGCAGGAGGGTTTGGGCTTGGGGAGGGTGGGCTCGCCCCCGGCAGCTGCCCATGGCGTGCCGTCCTTCCCTGTGCCCAGGTGAAGAAGATGGGCGGGCTTGGGCTTCTGGCCATGGACGTGCCCGAGGAGCTTGGCGGTGCTGGCCTCGATTACCTGGCCTACGCCATCGCCATGGAGGAGATCAGCCGTGGCTGCGCCTCCACACGGAGTCATCATGAGTGTCAACAACGTGAGCCCCCTCCCAGGCCCCTGGGACACACGGGTGGAGGGAGGCTCCCGTGAGCGGGCAGGCTCTGGCCTCGGCTCCCAGCCCTGATCTCTCTGGAGACGTCACAGGCCTTGGTCCTACTGGGTAGGCCCTGGACAGAACAGGCCCTGAGGTGCAGCCCGCAGGTGGGCAGGATGCGCCTGGGCCTGGGGCCTCCGACCGCTCCCCGCTGTCCTCCTAGTCTCTCTACCTGGGGCCCATCTTGAAGTTTGGCTCCAAGGAGCAGAAGCAGGCGTGGGTCACGCCTTTCACCAGTGGTGACAAAATTGGCTGCTTTGCCCTCAGCGAACCAGGTACCTGCCCTGTCCCCTCACCTGTCCTTAGGGTGACAGGCCCAGAGGGGAGGAGAGGAAGGTGCTAGGCCAACTGCCCACTGCTTCGGAGGCCAGAGGGGAGGCTCCCCGTGTGGTTGGTAGGGTGAGCGCTCTTGCCACCGC,C,A,HEK293T,16.65,4.14159627838382,-0.120900245806317,0.114689739211873,0.0029,0,0.1290271290296218
8,NM_000017.4:11315-11316:112T:ACC>ACG,TGCGCCTCCACGGGAGTCATCATGAGTGTATCTAAAC,0,NM_000017:c.C336G,ACADS,True,False,synonymous,ACADS:112T,-0.21122984551605,-0.23033809614609,not enriched,-0.536774354883445,-0.944793762770449,0.432293365866867,235.666666666667,175.666666666667,-0.120900245806317,-0.01273421082,13.37,13.81,16.65,11.19,ACG,ACC,18.89,6.05,-12.84,0.36,0.12,-0.24,0,0,0,0.0,0,-26,24,15,0.0,75560.5,0.003,likely benign,-9.71,0.4586,0.9624,1,0.6868,0.0455,0.0455,0,0.0,0.0,0.0,0.0,0,0,0,0,0.0,0.0,0,0.0,0.2042,0.2363,413,112,0.271186440677966,synonymous SNV,ACADS:NM_000017:exon3:c.C336G:p.T112T|ACADS:NM_001302554:exon3:c.C336G:p.T112T,NM_000017:exon3:c.C336G:,-861.9,-862.7,0.800000000000068,-0.000927321200881,0.000927321200881,0.0029,0.0029,0.0029,0.0029,0.0029,-0.188875412710415,-0.120900245806317,0.154771255305178,0.114689739211873,4.54411440220947,3.35755200461808,GGGGAGGGTGCGTGTGTGTGGATGTGCAGAGGGGGCTGGACGAAGGTCAGTGTGGCTCACGCTGTCCTGCTCCTTACCTCTGAGTTCCCTGAAAGCATCCTGTGCCTTCTGCTTGCTCGCTGCCGTGGCTGTGGACGGAGCGGGGAGCAGGCGTGGAGGCGGGGGCAGGACAGCTTGAATGAGAAGTGCCATCATATAGACCTCAGTGGGACTGGGTCTTCAGCTTCTGGACTTGGGGATCCCTTGTGCGTGGCTGGGGTCACATGGCCTGAGTTTCTGCAGGGCACTGCCTCGGGGGCAGGAGGGTTTGGGCTTGGGGAGGGTGGGCTCGCCCCCGGCAGCTGCCCATGGCGTGCCGTCCTTCCCTGTGCCCAGGTGAAGAAGATGGGCGGGCTTGGGCTTCTGGCCATGGACGTGCCCGAGGAGCTTGGCGGTGCTGGCCTCGATTACCTGGCCTACGCCATCGCCATGGAGGAGATCAGCCGTGGCTGCGCCTCCACCGGAGTCATCATGAGTGTCAACAACGTGAGCCCCCTCCCAGGCCCCTGGGACACACGGGTGGAGGGAGGCTCCCGTGAGCGGGCAGGCTCTGGCCTCGGCTCCCAGCCCTGATCTCTCTGGAGACGTCACAGGCCTTGGTCCTACTGGGTAGGCCCTGGACAGAACAGGCCCTGAGGTGCAGCCCGCAGGTGGGCAGGATGCGCCTGGGCCTGGGGCCTCCGACCGCTCCCCGCTGTCCTCCTAGTCTCTCTACCTGGGGCCCATCTTGAAGTTTGGCTCCAAGGAGCAGAAGCAGGCGTGGGTCACGCCTTTCACCAGTGGTGACAAAATTGGCTGCTTTGCCCTCAGCGAACCAGGTACCTGCCCTGTCCCCTCACCTGTCCTTAGGGTGACAGGCCCAGAGGGGAGGAGAGGAAGGTGCTAGGCCAACTGCCCACTGCTTCGGAGGCCAGAGGGGAGGCTCCCCGTGTGGTTGGTAGGGTGAGCGCTCTTGCCACCGC,GGGGAGGGTGCGTGTGTGTGGATGTGCAGAGGGGGCTGGACGAAGGTCAGTGTGGCTCACGCTGTCCTGCTCCTTACCTCTGAGTTCCCTGAAAGCATCCTGTGCCTTCTGCTTGCTCGCTGCCGTGGCTGTGGACGGAGCGGGGAGCAGGCGTGGAGGCGGGGGCAGGACAGCTTGAATGAGAAGTGCCATCATATAGACCTCAGTGGGACTGGGTCTTCAGCTTCTGGACTTGGGGATCCCTTGTGCGTGGCTGGGGTCACATGGCCTGAGTTTCTGCAGGGCACTGCCTCGGGGGCAGGAGGGTTTGGGCTTGGGGAGGGTGGGCTCGCCCCCGGCAGCTGCCCATGGCGTGCCGTCCTTCCCTGTGCCCAGGTGAAGAAGATGGGCGGGCTTGGGCTTCTGGCCATGGACGTGCCCGAGGAGCTTGGCGGTGCTGGCCTCGATTACCTGGCCTACGCCATCGCCATGGAGGAGATCAGCCGTGGCTGCGCCTCCACGCGGAGTCATCATGAGTGTCAACAACGTGAGCCCCCTCCCAGGCCCCTGGGACACACGGGTGGAGGGAGGCTCCCGTGAGCGGGCAGGCTCTGGCCTCGGCTCCCAGCCCTGATCTCTCTGGAGACGTCACAGGCCTTGGTCCTACTGGGTAGGCCCTGGACAGAACAGGCCCTGAGGTGCAGCCCGCAGGTGGGCAGGATGCGCCTGGGCCTGGGGCCTCCGACCGCTCCCCGCTGTCCTCCTAGTCTCTCTACCTGGGGCCCATCTTGAAGTTTGGCTCCAAGGAGCAGAAGCAGGCGTGGGTCACGCCTTTCACCAGTGGTGACAAAATTGGCTGCTTTGCCCTCAGCGAACCAGGTACCTGCCCTGTCCCCTCACCTGTCCTTAGGGTGACAGGCCCAGAGGGGAGGAGAGGAAGGTGCTAGGCCAACTGCCCACTGCTTCGGAGGCCAGAGGGGAGGCTCCCCGTGTGGTTGGTAGGGTGAGCGCTCTTGCCACCGC,C,G,HEK293T,16.65,4.14159627838382,-0.120900245806317,0.114689739211873,0.0029,0,0.11466948892040307
9,NM_000017.4:11315-11316:112T:ACC>ACT,TGGCTGCGCCTCCACTGGAGTCATCATGAGCATAATTC,0,NM_000017:c.C336T,ACADS,True,False,synonymous,ACADS:112T,-0.098608259641654,-0.691389485233122,not enriched,-1.19831671217477,-2.41917396253607,-0.256998341397987,677.333333333333,364.0,-0.120900245806317,-0.01273421082,13.37,13.81,16.65,11.19,ACT,ACC,18.89,13.12,-5.77,0.36,0.0,0.0,0,0,0,0.0,41,-26,26,24,0.0,88371.5,0.001,likely benign,-9.71,0.985,0.4361,1,0.6868,0.0,0.0,0,0.0,0.0,0.0,0.0,0,0,0,0,0.0,0.0625,0,0.0,0.2042,0.2363,413,112,0.271186440677966,synonymous SNV,ACADS:NM_000017:exon3:c.C336T:p.T112T|ACADS:NM_001302554:exon3:c.C336T:p.T112T,NM_000017:exon3:c.C336T:,-861.9,-862.7,0.800000000000068,-0.000927321200881,0.000927321200881,0.0029,0.0029,0.0029,0.0029,0.0029,-0.188875412710415,-0.120900245806317,0.154771255305178,0.114689739211873,4.54411440220947,3.35755200461808,GGGGAGGGTGCGTGTGTGTGGATGTGCAGAGGGGGCTGGACGAAGGTCAGTGTGGCTCACGCTGTCCTGCTCCTTACCTCTGAGTTCCCTGAAAGCATCCTGTGCCTTCTGCTTGCTCGCTGCCGTGGCTGTGGACGGAGCGGGGAGCAGGCGTGGAGGCGGGGGCAGGACAGCTTGAATGAGAAGTGCCATCATATAGACCTCAGTGGGACTGGGTCTTCAGCTTCTGGACTTGGGGATCCCTTGTGCGTGGCTGGGGTCACATGGCCTGAGTTTCTGCAGGGCACTGCCTCGGGGGCAGGAGGGTTTGGGCTTGGGGAGGGTGGGCTCGCCCCCGGCAGCTGCCCATGGCGTGCCGTCCTTCCCTGTGCCCAGGTGAAGAAGATGGGCGGGCTTGGGCTTCTGGCCATGGACGTGCCCGAGGAGCTTGGCGGTGCTGGCCTCGATTACCTGGCCTACGCCATCGCCATGGAGGAGATCAGCCGTGGCTGCGCCTCCACCGGAGTCATCATGAGTGTCAACAACGTGAGCCCCCTCCCAGGCCCCTGGGACACACGGGTGGAGGGAGGCTCCCGTGAGCGGGCAGGCTCTGGCCTCGGCTCCCAGCCCTGATCTCTCTGGAGACGTCACAGGCCTTGGTCCTACTGGGTAGGCCCTGGACAGAACAGGCCCTGAGGTGCAGCCCGCAGGTGGGCAGGATGCGCCTGGGCCTGGGGCCTCCGACCGCTCCCCGCTGTCCTCCTAGTCTCTCTACCTGGGGCCCATCTTGAAGTTTGGCTCCAAGGAGCAGAAGCAGGCGTGGGTCACGCCTTTCACCAGTGGTGACAAAATTGGCTGCTTTGCCCTCAGCGAACCAGGTACCTGCCCTGTCCCCTCACCTGTCCTTAGGGTGACAGGCCCAGAGGGGAGGAGAGGAAGGTGCTAGGCCAACTGCCCACTGCTTCGGAGGCCAGAGGGGAGGCTCCCCGTGTGGTTGGTAGGGTGAGCGCTCTTGCCACCGC,GGGGAGGGTGCGTGTGTGTGGATGTGCAGAGGGGGCTGGACGAAGGTCAGTGTGGCTCACGCTGTCCTGCTCCTTACCTCTGAGTTCCCTGAAAGCATCCTGTGCCTTCTGCTTGCTCGCTGCCGTGGCTGTGGACGGAGCGGGGAGCAGGCGTGGAGGCGGGGGCAGGACAGCTTGAATGAGAAGTGCCATCATATAGACCTCAGTGGGACTGGGTCTTCAGCTTCTGGACTTGGGGATCCCTTGTGCGTGGCTGGGGTCACATGGCCTGAGTTTCTGCAGGGCACTGCCTCGGGGGCAGGAGGGTTTGGGCTTGGGGAGGGTGGGCTCGCCCCCGGCAGCTGCCCATGGCGTGCCGTCCTTCCCTGTGCCCAGGTGAAGAAGATGGGCGGGCTTGGGCTTCTGGCCATGGACGTGCCCGAGGAGCTTGGCGGTGCTGGCCTCGATTACCTGGCCTACGCCATCGCCATGGAGGAGATCAGCCGTGGCTGCGCCTCCACTCGGAGTCATCATGAGTGTCAACAACGTGAGCCCCCTCCCAGGCCCCTGGGACACACGGGTGGAGGGAGGCTCCCGTGAGCGGGCAGGCTCTGGCCTCGGCTCCCAGCCCTGATCTCTCTGGAGACGTCACAGGCCTTGGTCCTACTGGGTAGGCCCTGGACAGAACAGGCCCTGAGGTGCAGCCCGCAGGTGGGCAGGATGCGCCTGGGCCTGGGGCCTCCGACCGCTCCCCGCTGTCCTCCTAGTCTCTCTACCTGGGGCCCATCTTGAAGTTTGGCTCCAAGGAGCAGAAGCAGGCGTGGGTCACGCCTTTCACCAGTGGTGACAAAATTGGCTGCTTTGCCCTCAGCGAACCAGGTACCTGCCCTGTCCCCTCACCTGTCCTTAGGGTGACAGGCCCAGAGGGGAGGAGAGGAAGGTGCTAGGCCAACTGCCCACTGCTTCGGAGGCCAGAGGGGAGGCTCCCCGTGTGGTTGGTAGGGTGAGCGCTCTTGCCACCGC,C,T,HEK293T,16.65,4.14159627838382,-0.120900245806317,0.114689739211873,0.0029,0,0.0975810001857507
